simulation_dir,Pe,alpha_in,alpha_out,kappa,pol,blocks_original,blocks_valid,blocks_eliminated,blocks_recovered,recovered_block_numbers,blocks_excluded_final,blocks_lost_pct,frames_original,frames_written,frames_lost,frames_lost_pct,last_timestep,valid_timestep,n_corrupted,n_recovered_excluded,n_incomplete,eliminated_block_numbers,timestamp
Pe_10.0_alpha_in_0.1_alpha_out_0.1_kappa_1.0_pol_1,10.0,0.1,0.1,1.0,1,522,518,4,0,,0,0.77,10980,10878,102,0.93,547356672,546308096,4,0,0,"35,337,408,521",2026-02-09 21:59:29.293859
Pe_10.0_alpha_in_0.1_alpha_out_0.2_kappa_1.0_pol_1,10.0,0.1,0.2,1.0,1,539,537,0,0,,1,0.0,11296,11277,19,0.17,564133888,563085312,0,0,0,,2026-02-09 21:59:28.157571
Pe_10.0_alpha_in_0.1_alpha_out_0.3_kappa_1.0_pol_1,10.0,0.1,0.3,1.0,1,522,517,3,32,"465,466,467,468,469,470,471,472,473,474,475,476,477,478,479,480,481,482,483,484,485,486,487,488,489,490,491,492,493,494,495,496",1,0.57,12255,10857,1398,11.41,546308096,545259520,3,0,0,"463,464,497",2026-02-09 21:59:26.867109
Pe_10.0_alpha_in_0.1_alpha_out_0.4_kappa_1.0_pol_1,10.0,0.1,0.4,1.0,1,530,496,32,0,,1,6.04,12030,10416,1614,13.42,554696704,553648128,32,0,0,"136,470,471,472,473,474,475,476,477,478,479,480,481,482,483,484,485,486,487,488,489,490,491,492,493,494,495,496,497,498,499,500",2026-02-09 21:59:25.831767
Pe_10.0_alpha_in_0.1_alpha_out_0.5_kappa_1.0_pol_1,10.0,0.1,0.5,1.0,1,530,497,31,0,,1,5.85,12033,10437,1596,13.26,554696704,553648128,31,0,0,"246,469,470,471,472,473,474,475,476,477,478,479,480,481,482,483,484,485,486,487,488,489,490,491,492,493,494,495,496,497,498",2026-02-09 21:59:25.466411
Pe_10.0_alpha_in_0.1_alpha_out_0.6_kappa_1.0_pol_1,10.0,0.1,0.6,1.0,1,490,457,31,0,,1,6.33,11164,9597,1567,14.04,512753664,511705088,31,0,0,"206,207,431,432,433,434,435,436,437,438,439,440,441,442,443,444,445,446,447,448,449,450,451,452,453,454,455,456,457,458,459",2026-02-09 21:59:23.732862
Pe_10.0_alpha_in_0.1_alpha_out_0.7_kappa_1.0_pol_1,10.0,0.1,0.7,1.0,1,489,457,30,0,,1,6.13,11156,9597,1559,13.97,511705088,510656512,30,0,0,"135,429,430,431,432,433,434,435,436,437,438,439,440,441,442,443,444,445,446,447,448,449,450,451,452,453,454,455,456,457",2026-02-09 21:59:21.860515
Pe_10.0_alpha_in_0.1_alpha_out_0.8_kappa_1.0_pol_1,10.0,0.1,0.8,1.0,1,406,402,2,1,204,1,0.49,8546,8442,104,1.22,424673280,423624704,2,0,0,"203,205",2026-02-09 21:59:17.279894
Pe_10.0_alpha_in_0.1_alpha_out_0.9_kappa_1.0_pol_1,10.0,0.1,0.9,1.0,1,411,406,3,0,,1,0.73,8631,8526,105,1.22,429916160,428867584,3,0,0,"136,205,206",2026-02-09 21:59:16.824286
Pe_10.0_alpha_in_0.1_alpha_out_1.0_kappa_1.0_pol_1,10.0,0.1,1.0,1.0,1,465,432,31,0,,1,6.67,10657,9072,1585,14.87,486539264,485490688,31,0,0,"114,405,406,407,408,409,410,411,412,413,414,415,416,417,418,419,420,421,422,423,424,425,426,427,428,429,430,431,432,433,434",2026-02-09 21:59:22.806124
Pe_10.0_alpha_in_0.2_alpha_out_0.1_kappa_1.0_pol_1,10.0,0.2,0.1,1.0,1,477,442,33,0,,1,6.92,10934,9282,1652,15.11,499122176,498073600,33,0,0,"86,113,174,417,418,419,420,421,422,423,424,425,426,427,428,429,430,431,432,433,434,435,436,437,438,439,440,441,442,443,444,445,446",2026-02-09 21:59:28.151872
Pe_10.0_alpha_in_0.2_alpha_out_0.2_kappa_1.0_pol_1,10.0,0.2,0.2,1.0,1,429,425,2,135,"256,257,258,259,260,261,262,263,264,265,266,267,268,269,270,271,272,273,274,275,276,277,278,279,280,281,282,283,284,285,286,287,288,289,290,291,292,293,294,295,296,297,298,299,300,301,302,303,304,305,306,307,308,309,310,311,312,313,314,315,316,317,318,319,320,321,322,323,324,325,326,327,328,329,330,331,332,333,334,335,336,337,338,339,340,341,342,343,344,345,346,347,348,349,350,351,352,353,354,355,356,357,358,359,360,361,362,363,364,365,366,367,368,369,370,371,372,373,374,375,376,377,378,379,380,381,382,383,384,385,386,387,388,389,390",1,0.47,12568,8925,3643,28.99,448790528,447741952,2,0,0,"92,391",2026-02-09 21:59:27.535430
Pe_10.0_alpha_in_0.2_alpha_out_0.3_kappa_1.0_pol_1,10.0,0.2,0.3,1.0,1,420,415,3,141,"256,257,258,259,260,261,262,263,264,265,266,267,268,269,270,271,272,273,274,275,276,277,278,279,280,281,282,283,284,285,286,287,288,289,290,291,292,293,294,295,296,297,298,299,300,301,302,303,304,305,306,307,308,309,310,311,312,313,314,315,316,317,318,319,320,321,322,323,324,325,326,327,328,329,330,331,332,333,334,335,336,337,338,339,340,341,342,343,344,345,346,347,348,349,350,351,352,353,354,355,356,357,358,359,360,361,362,363,364,365,366,367,368,369,370,371,372,373,374,375,376,377,378,379,380,381,382,383,384,385,386,387,388,389,390,391,392,393,394,395,396",1,0.71,12529,8715,3814,30.44,439353344,438304768,3,0,0,"145,146,397",2026-02-09 21:59:25.569027
Pe_10.0_alpha_in_0.2_alpha_out_0.4_kappa_1.0_pol_1,10.0,0.2,0.4,1.0,1,326,322,2,0,,1,0.61,6843,6762,81,1.18,340787200,339738624,2,0,0,"143,144",2026-02-09 21:59:14.987208
Pe_10.0_alpha_in_0.2_alpha_out_0.5_kappa_1.0_pol_1,10.0,0.2,0.5,1.0,1,417,413,2,107,"256,257,258,259,260,261,262,263,264,265,266,267,268,269,270,271,272,273,274,275,276,277,278,279,280,281,282,283,284,285,286,287,288,289,290,291,292,293,294,295,296,297,298,299,300,301,302,303,304,305,306,307,308,309,310,311,312,313,314,315,316,317,318,319,320,321,322,323,324,325,326,327,328,329,330,331,332,333,334,335,336,337,338,339,340,341,342,343,344,345,346,347,348,349,350,351,352,353,354,355,356,357,358,359,360,361,362",1,0.48,11694,8673,3021,25.83,436207616,435159040,2,0,0,"94,363",2026-02-09 21:59:25.577942
Pe_10.0_alpha_in_0.2_alpha_out_0.6_kappa_1.0_pol_1,10.0,0.2,0.6,1.0,1,414,411,1,57,"256,257,258,259,260,261,262,263,264,265,266,267,268,269,270,271,272,273,274,275,276,277,278,279,280,281,282,283,284,285,286,287,288,289,290,291,292,293,294,295,296,297,298,299,300,301,302,303,304,305,306,307,308,309,310,311,312",1,0.24,10600,8631,1969,18.58,433061888,432013312,1,0,0,313,2026-02-09 21:59:25.834337
Pe_10.0_alpha_in_0.2_alpha_out_0.7_kappa_1.0_pol_1,10.0,0.2,0.7,1.0,1,283,279,2,0,,1,0.71,5940,5859,81,1.36,295698432,294649856,2,0,0,"92,93",2026-02-09 21:59:11.580067
Pe_10.0_alpha_in_0.2_alpha_out_0.8_kappa_1.0_pol_1,10.0,0.2,0.8,1.0,1,450,424,24,0,,1,5.33,10148,8904,1244,12.26,470810624,469762048,24,0,0,"178,401,402,403,404,405,406,407,408,409,410,411,412,413,414,415,416,417,418,419,420,421,422,423",2026-02-09 21:59:25.457368
Pe_10.0_alpha_in_0.2_alpha_out_0.9_kappa_1.0_pol_1,10.0,0.2,0.9,1.0,1,440,410,28,0,,1,6.36,9994,8610,1384,13.85,460324864,459276288,28,0,0,"177,178,265,390,391,392,393,394,395,396,397,398,399,400,401,402,403,404,405,406,407,408,409,410,411,412,413,414",2026-02-09 21:59:25.951156
Pe_10.0_alpha_in_0.2_alpha_out_1.0_kappa_1.0_pol_1,10.0,0.2,1.0,1.0,1,444,419,23,0,,1,5.18,9994,8799,1195,11.96,464519168,463470592,23,0,0,"396,397,398,399,400,401,402,403,404,405,406,407,408,409,410,411,412,413,414,415,416,417,418",2026-02-09 21:59:25.654245
Pe_10.0_alpha_in_0.3_alpha_out_0.1_kappa_1.0_pol_1,10.0,0.3,0.1,1.0,1,534,506,26,3,"498,499,500",1,4.87,12088,10626,1462,12.09,558891008,557842432,26,0,0,"475,476,477,478,479,480,481,482,483,484,485,486,487,488,489,490,491,492,493,494,495,496,497,501,502,503",2026-02-09 21:59:32.668958
Pe_10.0_alpha_in_0.3_alpha_out_0.2_kappa_1.0_pol_1,10.0,0.3,0.2,1.0,1,420,417,1,69,"256,257,258,259,260,261,262,263,264,265,266,267,268,269,270,271,272,273,274,275,276,277,278,279,280,281,282,283,284,285,286,287,288,289,290,291,292,293,294,295,296,297,298,299,300,301,302,303,304,305,306,307,308,309,310,311,312,313,314,315,316,317,318,319,320,321,322,323,324",1,0.24,10999,8757,2242,20.38,439353344,438304768,1,0,0,325,2026-02-09 21:59:28.083799
Pe_10.0_alpha_in_0.3_alpha_out_0.3_kappa_1.0_pol_1,10.0,0.3,0.3,1.0,1,356,353,1,81,"256,257,258,259,260,261,262,263,264,265,266,267,268,269,270,271,272,273,274,275,276,277,278,279,280,281,282,283,284,285,286,287,288,289,290,291,292,293,294,295,296,297,298,299,300,301,302,303,304,305,306,307,308,309,310,311,312,313,314,315,316,317,318,319,320,321,322,323,324,325,326,327,328,329,330,331,332,333,334,335,336",1,0.28,9798,7413,2385,24.34,372244480,371195904,1,0,0,337,2026-02-09 21:59:22.676779
Pe_10.0_alpha_in_0.3_alpha_out_0.4_kappa_1.0_pol_1,10.0,0.3,0.4,1.0,1,384,373,9,97,"256,257,258,259,260,261,262,263,264,265,266,267,268,269,270,271,272,273,274,275,276,277,278,279,280,281,282,283,284,285,286,287,288,289,290,291,292,293,294,295,296,297,298,299,300,301,302,303,304,305,306,307,308,309,310,311,312,313,314,315,316,317,318,319,320,321,322,323,324,325,326,327,328,329,330,331,332,333,334,335,336,337,338,339,340,341,342,343,344,345,346,347,348,349,350,351,352",1,2.34,10727,7833,2894,26.98,401604608,400556032,9,0,0,"353,354,355,356,357,358,359,360,361",2026-02-09 21:59:23.347510
Pe_10.0_alpha_in_0.3_alpha_out_0.5_kappa_1.0_pol_1,10.0,0.3,0.5,1.0,1,356,351,3,96,"256,257,258,259,260,261,262,263,264,265,266,267,268,269,270,271,272,273,274,275,276,277,278,279,280,281,282,283,284,285,286,287,288,289,290,291,292,293,294,295,296,297,298,299,300,301,302,303,304,305,306,307,308,309,310,311,312,313,314,315,316,317,318,319,320,321,322,323,324,325,326,327,328,329,330,331,332,333,334,335,336,337,338,339,340,341,342,343,344,345,346,347,348,349,350,351",1,0.84,10094,7371,2723,26.98,372244480,371195904,3,0,0,"146,147,352",2026-02-09 21:59:21.042639
Pe_10.0_alpha_in_0.3_alpha_out_0.6_kappa_1.0_pol_1,10.0,0.3,0.6,1.0,1,221,219,0,0,,1,0.0,4618,4599,19,0.41,230686720,229638144,0,0,0,,2026-02-09 21:59:10.239108
Pe_10.0_alpha_in_0.3_alpha_out_0.7_kappa_1.0_pol_1,10.0,0.3,0.7,1.0,1,378,375,1,100,"256,257,258,259,260,261,262,263,264,265,266,267,268,269,270,271,272,273,274,275,276,277,278,279,280,281,282,283,284,285,286,287,288,289,290,291,292,293,294,295,296,297,298,299,300,301,302,303,304,305,306,307,308,309,310,311,312,313,314,315,316,317,318,319,320,321,322,323,324,325,326,327,328,329,330,331,332,333,334,335,336,337,338,339,340,341,342,343,344,345,346,347,348,349,350,351,352,353,354,355",1,0.26,10683,7875,2808,26.28,395313152,394264576,1,0,0,356,2026-02-09 21:59:23.796675
Pe_10.0_alpha_in_0.3_alpha_out_0.8_kappa_1.0_pol_1,10.0,0.3,0.8,1.0,1,446,438,6,16,"389,390,391,392,393,394,395,396,397,399,400,401,402,403,404,405",1,1.35,9978,9198,780,7.82,466616320,465567744,6,0,0,"200,276,387,388,398,406",2026-02-09 21:59:26.663835
Pe_10.0_alpha_in_0.3_alpha_out_0.9_kappa_1.0_pol_1,10.0,0.3,0.9,1.0,1,399,392,5,92,"256,257,258,259,260,261,262,263,264,265,266,267,268,269,270,271,272,273,274,275,276,277,278,279,280,281,282,283,284,285,286,287,288,289,290,291,292,293,294,295,296,297,298,299,300,301,302,303,304,305,306,307,308,309,310,311,312,313,314,315,316,317,318,319,320,321,322,323,324,325,326,327,328,329,342,343,344,345,346,347,348,349,350,351,352,353,354,355,356,357,358,359",1,1.25,10573,8232,2341,22.14,417333248,416284672,5,0,0,"148,330,340,341,360",2026-02-09 21:59:24.024885
Pe_10.0_alpha_in_0.3_alpha_out_1.0_kappa_1.0_pol_1,10.0,0.3,1.0,1.0,1,361,356,3,78,"256,257,258,259,260,261,262,263,264,265,266,267,268,269,270,271,272,273,274,275,276,277,278,279,280,281,282,283,284,285,286,287,288,289,290,291,292,293,294,295,296,297,298,299,300,301,302,303,304,305,306,307,308,309,310,311,312,313,314,315,316,317,318,319,320,321,322,323,324,325,326,327,328,329,330,331,332,333",1,0.83,9857,7476,2381,24.16,377487360,376438784,3,0,0,"141,142,334",2026-02-09 21:59:22.674543
Pe_10.0_alpha_in_0.4_alpha_out_0.1_kappa_1.0_pol_1,10.0,0.4,0.1,1.0,1,497,477,18,12,"429,430,431,432,433,434,435,436,437,438,439,440",1,3.62,11311,10017,1294,11.44,520093696,519045120,18,0,0,"400,413,414,415,416,417,418,419,420,421,422,423,424,425,426,427,428,441",2026-02-09 21:59:30.851161
Pe_10.0_alpha_in_0.4_alpha_out_0.2_kappa_1.0_pol_1,10.0,0.4,0.2,1.0,1,399,396,1,123,"256,257,258,259,260,261,262,263,264,265,266,267,268,269,270,271,272,273,274,275,276,277,278,279,280,281,282,283,284,285,286,287,288,289,290,291,292,293,294,295,296,297,298,299,300,301,302,303,304,305,306,307,308,309,310,311,312,313,314,315,316,317,318,319,320,321,322,323,324,325,326,327,328,329,330,331,332,333,334,335,336,337,338,339,340,341,342,343,344,345,346,347,348,349,350,351,352,353,354,355,356,357,358,359,360,361,362,363,364,365,366,367,368,369,370,371,372,373,374,375,376,377,378",1,0.25,11692,8316,3376,28.87,417333248,416284672,1,0,0,379,2026-02-09 21:59:28.484224
Pe_10.0_alpha_in_0.4_alpha_out_0.3_kappa_1.0_pol_1,10.0,0.4,0.3,1.0,1,348,344,2,88,"256,257,258,259,260,261,262,263,264,265,266,267,268,269,270,271,272,273,274,275,276,277,278,279,280,281,282,283,284,285,286,287,288,289,290,291,292,293,294,295,296,297,298,299,300,301,302,303,304,305,306,307,308,309,310,311,312,313,314,315,316,317,318,319,320,321,322,323,324,325,326,327,328,329,330,331,332,333,334,335,336,337,338,339,340,341,342,343",1,0.57,10098,7224,2874,28.46,363855872,362807296,2,0,0,"139,344",2026-02-09 21:59:49.156376
Pe_10.0_alpha_in_0.4_alpha_out_0.4_kappa_1.0_pol_1,10.0,0.4,0.4,1.0,1,373,359,12,26,"240,241,242,243,244,245,246,247,248,249,250,251,252,253,254,255,256,257,258,259,260,261,262,263,264,265",1,3.22,8920,7539,1381,15.48,390070272,389021696,12,0,0,"229,230,231,232,233,234,235,236,237,238,239,266",2026-02-09 21:59:50.250495
Pe_10.0_alpha_in_0.4_alpha_out_0.5_kappa_1.0_pol_1,10.0,0.4,0.5,1.0,1,348,344,2,72,"256,257,258,259,260,261,262,263,264,265,266,267,268,269,270,271,272,273,274,275,276,277,278,279,280,281,282,283,284,285,286,287,288,289,290,291,292,293,294,295,296,297,298,299,300,301,302,303,304,305,306,307,308,309,310,311,312,313,314,315,316,317,318,319,320,321,322,323,324,325,326,327",1,0.57,9398,7224,2174,23.13,363855872,362807296,2,0,0,"136,328",2026-02-09 22:00:03.732019
Pe_10.0_alpha_in_0.4_alpha_out_0.6_kappa_1.0_pol_1,10.0,0.4,0.6,1.0,1,349,346,1,71,"256,257,258,259,260,261,262,263,264,265,266,267,268,269,270,271,272,273,274,275,276,277,278,279,280,281,282,283,284,285,286,287,288,289,290,291,292,293,294,295,296,297,298,299,300,301,302,303,304,305,306,307,308,309,310,311,312,313,314,315,316,317,318,319,320,321,322,323,324,325,326",1,0.29,9419,7266,2153,22.86,364904448,363855872,1,0,0,327,2026-02-09 22:00:00.945059
Pe_10.0_alpha_in_0.4_alpha_out_0.7_kappa_1.0_pol_1,10.0,0.4,0.7,1.0,1,351,348,1,68,"256,257,258,259,260,261,262,263,264,265,266,267,268,269,270,271,272,273,274,275,276,277,278,279,280,281,282,283,284,285,286,287,288,289,290,291,292,293,294,295,296,297,298,299,300,301,302,303,304,305,306,307,308,309,310,311,312,313,314,315,316,317,318,319,320,321,322,323",1,0.28,9402,7308,2094,22.27,367001600,365953024,1,0,0,324,2026-02-09 22:00:12.845410
Pe_10.0_alpha_in_0.4_alpha_out_0.8_kappa_1.0_pol_1,10.0,0.4,0.8,1.0,1,230,226,2,0,,1,0.87,4826,4746,80,1.66,240123904,239075328,2,0,0,"141,142",2026-02-09 22:00:02.123561
Pe_10.0_alpha_in_0.4_alpha_out_0.9_kappa_1.0_pol_1,10.0,0.4,0.9,1.0,1,383,379,2,62,"256,257,258,259,260,261,262,263,264,265,266,267,268,269,270,271,272,273,274,275,276,277,278,279,280,281,282,283,284,285,286,287,288,289,290,291,292,293,294,295,296,297,298,299,300,301,302,303,304,305,306,307,308,309,310,311,312,313,314,315,316,317",1,0.52,9963,7959,2004,20.11,400556032,399507456,2,0,0,"141,318",2026-02-09 22:00:26.333552
Pe_10.0_alpha_in_0.4_alpha_out_1.0_kappa_1.0_pol_1,10.0,0.4,1.0,1.0,1,340,335,3,0,,1,0.88,7147,7035,112,1.57,355467264,354418688,3,0,0,"128,221,222",2026-02-09 22:00:22.124023
Pe_10.0_alpha_in_0.5_alpha_out_0.1_kappa_1.0_pol_1,10.0,0.5,0.1,1.0,1,515,482,31,0,,1,6.02,11716,10122,1594,13.61,538968064,537919488,31,0,0,"241,456,457,458,459,460,461,462,463,464,465,466,467,468,469,470,471,472,473,474,475,476,477,478,479,480,481,482,483,484,485",2026-02-09 22:00:31.968260
Pe_10.0_alpha_in_0.5_alpha_out_0.2_kappa_1.0_pol_1,10.0,0.5,0.2,1.0,1,378,374,2,106,"256,257,258,259,260,261,262,263,264,265,266,267,268,269,270,271,272,273,274,275,276,277,278,279,280,281,282,283,284,285,286,287,288,289,290,291,292,293,294,295,296,297,298,299,300,301,302,303,304,305,306,307,308,309,310,311,312,313,314,315,316,317,318,319,320,321,322,323,324,325,326,327,328,329,330,331,332,333,334,335,336,337,338,339,340,341,342,343,344,345,346,347,348,349,350,351,352,353,354,355,356,357,358,359,360,361",1,0.53,10898,7854,3044,27.93,395313152,394264576,2,0,0,"156,362",2026-02-09 22:00:29.722886
Pe_10.0_alpha_in_0.5_alpha_out_0.3_kappa_1.0_pol_1,10.0,0.5,0.3,1.0,1,364,361,1,86,"256,257,258,259,260,261,262,263,264,265,266,267,268,269,270,271,272,273,274,275,276,277,278,279,280,281,282,283,284,285,286,287,288,289,290,291,292,293,294,295,296,297,298,299,300,301,302,303,304,305,306,307,308,309,310,311,312,313,314,315,316,317,318,319,320,321,322,323,324,325,326,327,328,329,330,331,332,333,334,335,336,337,338,339,340,341",1,0.27,10058,7581,2477,24.63,380633088,379584512,1,0,0,342,2026-02-09 22:00:27.910298
Pe_10.0_alpha_in_0.5_alpha_out_0.4_kappa_1.0_pol_1,10.0,0.5,0.4,1.0,1,352,348,2,52,"256,257,258,259,260,261,262,263,264,265,266,267,268,269,270,271,272,273,274,275,276,277,278,279,280,281,282,283,284,285,286,287,288,289,290,291,292,293,294,295,296,297,298,299,300,301,302,303,304,305,306,307",1,0.57,9069,7308,1761,19.42,368050176,367001600,2,0,0,"19,308",2026-02-09 22:00:25.974685
Pe_10.0_alpha_in_0.5_alpha_out_0.5_kappa_1.0_pol_1,10.0,0.5,0.5,1.0,1,369,362,5,32,"256,257,258,259,260,261,262,263,264,265,266,267,268,269,270,271,272,273,274,275,276,277,278,279,280,281,282,283,284,285,286,287",1,1.36,8980,7602,1378,15.35,385875968,384827392,5,0,0,"252,253,254,255,288",2026-02-09 22:00:25.578059
Pe_10.0_alpha_in_0.5_alpha_out_0.6_kappa_1.0_pol_1,10.0,0.5,0.6,1.0,1,375,370,3,35,"256,257,258,259,260,261,262,263,264,265,266,267,268,269,270,271,272,273,274,275,276,277,278,279,280,281,282,283,284,285,286,287,288,289,290",1,0.8,9261,7770,1491,16.1,392167424,391118848,3,0,0,"121,255,291",2026-02-09 22:00:27.508243
Pe_10.0_alpha_in_0.5_alpha_out_0.7_kappa_1.0_pol_1,10.0,0.5,0.7,1.0,1,315,307,6,33,"211,212,213,214,215,216,217,218,219,220,221,222,223,224,225,226,227,228,229,230,247,248,249,250,251,252,253,254,255,256,257,258,259",1,1.9,7555,6447,1108,14.67,329252864,328204288,6,0,0,"208,209,210,231,246,260",2026-02-09 22:00:21.621785
Pe_10.0_alpha_in_0.5_alpha_out_0.8_kappa_1.0_pol_1,10.0,0.5,0.8,1.0,1,332,326,4,47,"254,255,256,257,258,259,260,261,262,263,264,265,266,267,268,269,270,271,272,273,274,275,276,277,278,279,280,281,282,283,284,285,286,287,288,289,290,291,292,293,294,295,296,297,298,299,300",1,1.2,8569,6846,1723,20.11,347078656,346030080,4,0,0,"120,252,253,301",2026-02-09 22:00:24.571174
Pe_10.0_alpha_in_0.5_alpha_out_0.9_kappa_1.0_pol_1,10.0,0.5,0.9,1.0,1,218,214,2,1,119,1,0.92,4597,4494,103,2.24,227540992,226492416,2,0,0,"118,120",2026-02-09 22:00:16.530809
Pe_10.0_alpha_in_0.5_alpha_out_1.0_kappa_1.0_pol_1,10.0,0.5,1.0,1.0,1,324,315,7,30,"256,257,258,259,260,261,262,263,264,265,266,267,268,269,270,271,272,273,274,275,276,277,278,279,280,281,282,283,284,285",1,2.16,7999,6615,1384,17.3,338690048,337641472,7,0,0,"250,251,252,253,254,255,286",2026-02-09 22:00:21.405877
Pe_10.0_alpha_in_0.6_alpha_out_0.1_kappa_1.0_pol_1,10.0,0.6,0.1,1.0,1,391,388,1,116,"256,257,258,259,260,261,262,263,264,265,266,267,268,269,270,271,272,273,274,275,276,277,278,279,280,281,282,283,284,285,286,287,288,289,290,291,292,293,294,295,296,297,298,299,300,301,302,303,304,305,306,307,308,309,310,311,312,313,314,315,316,317,318,319,320,321,322,323,324,325,326,327,328,329,330,331,332,333,334,335,336,337,338,339,340,341,342,343,344,345,346,347,348,349,350,351,352,353,354,355,356,357,358,359,360,361,362,363,364,365,366,367,368,369,370,371",1,0.26,11542,8148,3394,29.41,408944640,407896064,1,0,0,372,2026-02-09 22:00:29.253735
Pe_10.0_alpha_in_0.6_alpha_out_0.2_kappa_1.0_pol_1,10.0,0.6,0.2,1.0,1,397,370,25,88,"256,257,258,259,260,261,262,263,264,265,266,267,268,269,270,271,272,273,274,275,276,277,278,279,280,281,282,283,284,285,286,287,288,289,290,291,292,293,294,295,296,297,298,299,300,301,302,303,304,305,306,307,308,309,310,311,312,313,314,315,316,317,318,319,320,321,322,323,324,325,326,327,328,329,330,331,332,333,334,335,336,337,338,339,340,341,342,343",1,6.3,10883,7770,3113,28.6,415236096,414187520,25,0,0,"151,344,350,351,352,353,354,355,356,357,358,359,360,361,362,363,364,365,366,367,368,369,370,371,372",2026-02-09 22:00:28.338239
Pe_10.0_alpha_in_0.6_alpha_out_0.3_kappa_1.0_pol_1,10.0,0.6,0.3,1.0,1,344,342,2,87,"256,257,258,259,260,261,262,263,264,265,266,267,268,269,270,271,272,273,274,275,276,277,278,279,280,281,282,283,284,285,286,287,288,289,290,291,292,293,294,295,296,297,298,299,300,301,302,303,304,305,306,307,308,309,310,311,312,313,314,315,316,317,318,319,320,321,322,323,324,325,326,327,328,329,330,331,332,333,334,335,336,337,338,339,340,341,342",0,0.58,9733,7182,2551,26.21,360710144,359661568,2,0,0,"62,343",2026-02-09 22:00:26.750579
Pe_10.0_alpha_in_0.6_alpha_out_0.4_kappa_1.0_pol_1,10.0,0.6,0.4,1.0,1,338,335,1,75,"256,257,258,259,260,261,262,263,264,265,266,267,268,269,270,271,272,273,274,275,276,277,278,279,280,281,282,283,284,285,286,287,288,289,290,291,292,293,294,295,296,297,298,299,300,301,302,303,304,305,306,307,308,309,310,311,312,313,314,315,316,317,318,319,320,321,322,323,324,325,326,327,328,329,330",1,0.3,9279,7035,2244,24.18,353370112,352321536,1,0,0,331,2026-02-09 22:00:24.984780
Pe_10.0_alpha_in_0.6_alpha_out_0.5_kappa_1.0_pol_1,10.0,0.6,0.5,1.0,1,339,336,1,71,"256,257,258,259,260,261,262,263,264,265,266,267,268,269,270,271,272,273,274,275,276,277,278,279,280,281,282,283,284,285,286,287,288,289,290,291,292,293,294,295,296,297,298,299,300,301,302,303,304,305,306,307,308,309,310,311,312,313,314,315,316,317,318,319,320,321,322,323,324,325,326",1,0.29,9195,7056,2139,23.26,354418688,353370112,1,0,0,327,2026-02-09 22:00:25.500878
Pe_10.0_alpha_in_0.6_alpha_out_0.6_kappa_1.0_pol_1,10.0,0.6,0.6,1.0,1,349,346,1,79,"256,257,258,259,260,261,262,263,264,265,266,267,268,269,270,271,272,273,274,275,276,277,278,279,280,281,282,283,284,285,286,287,288,289,290,291,292,293,294,295,296,297,298,299,300,301,302,303,304,305,306,307,308,309,310,311,312,313,314,315,316,317,318,319,320,321,322,323,324,325,326,327,328,329,330,331,332,333,334",1,0.29,9556,7266,2290,23.96,364904448,363855872,1,0,0,335,2026-02-09 22:00:25.740480
Pe_10.0_alpha_in_0.6_alpha_out_0.7_kappa_1.0_pol_1,10.0,0.6,0.7,1.0,1,348,344,2,79,"256,257,258,259,260,261,262,263,264,265,266,267,268,269,270,271,272,273,274,275,276,277,278,279,280,281,282,283,284,285,286,287,288,289,290,291,292,293,294,295,296,297,298,299,300,301,302,303,304,305,306,307,308,309,310,311,312,313,314,315,316,317,318,319,320,321,322,323,324,325,326,327,328,329,330,331,332,333,334",1,0.57,9543,7224,2319,24.3,363855872,362807296,2,0,0,"119,335",2026-02-09 22:00:26.214908
Pe_10.0_alpha_in_0.6_alpha_out_0.8_kappa_1.0_pol_1,10.0,0.6,0.8,1.0,1,349,345,2,82,"256,257,258,259,260,261,262,263,264,265,266,267,268,269,270,271,272,273,274,275,276,277,278,279,280,281,282,283,284,285,286,287,288,289,290,291,292,293,294,295,296,297,298,299,300,301,302,303,304,305,306,307,308,309,310,311,312,313,314,315,316,317,318,319,320,321,322,323,324,325,326,327,328,329,330,331,332,333,334,335,336,337",1,0.57,9654,7245,2409,24.95,364904448,363855872,2,0,0,"82,338",2026-02-09 22:00:26.165079
Pe_10.0_alpha_in_0.6_alpha_out_0.9_kappa_1.0_pol_1,10.0,0.6,0.9,1.0,1,372,360,10,86,"256,257,258,259,260,261,262,263,264,265,266,267,268,269,270,271,272,273,274,275,276,277,278,279,280,281,282,283,284,285,286,287,288,289,290,291,292,293,294,295,296,297,298,299,300,301,302,303,304,305,306,307,308,309,310,311,312,313,314,315,316,317,318,319,320,321,322,323,324,325,326,327,328,329,330,331,332,333,334,335,336,337,338,339,340,341",1,2.69,10196,7560,2636,25.85,389021696,387973120,10,0,0,"342,343,344,345,346,347,348,349,350,351",2026-02-09 22:00:27.293422
Pe_10.0_alpha_in_0.6_alpha_out_1.0_kappa_1.0_pol_1,10.0,0.6,1.0,1.0,1,373,357,14,84,"256,257,258,259,260,261,262,263,264,265,266,267,268,269,270,271,272,273,274,275,276,277,278,279,280,281,282,283,284,285,286,287,288,289,290,291,292,293,294,295,296,297,298,299,300,301,302,303,304,305,306,307,308,309,310,311,312,313,314,315,316,317,318,319,320,321,322,323,324,325,326,327,328,329,330,331,332,333,334,335,336,337,338,339",1,3.75,10181,7497,2684,26.36,390070272,389021696,14,0,0,"340,341,342,343,344,345,346,347,348,349,350,351,352,353",2026-02-09 22:00:26.008185
Pe_10.0_alpha_in_0.7_alpha_out_0.1_kappa_1.0_pol_1,10.0,0.7,0.1,1.0,1,295,292,1,0,,1,0.34,6173,6132,41,0.66,308281344,307232768,1,0,0,131,2026-02-09 22:00:20.035025
Pe_10.0_alpha_in_0.7_alpha_out_0.2_kappa_1.0_pol_1,10.0,0.7,0.2,1.0,1,458,431,25,0,,1,5.46,10334,9051,1283,12.42,479199232,478150656,25,0,0,"159,410,411,412,413,414,415,416,417,418,419,420,421,422,423,424,425,426,427,428,429,430,431,432,433",2026-02-09 22:00:30.540425
Pe_10.0_alpha_in_0.7_alpha_out_0.3_kappa_1.0_pol_1,10.0,0.7,0.3,1.0,1,392,366,24,89,"256,257,258,259,260,261,262,263,264,265,266,267,268,269,270,271,272,273,274,275,276,277,278,279,280,281,282,283,284,285,286,287,288,289,290,291,292,293,294,295,296,297,298,299,300,301,302,303,304,305,306,307,308,309,310,311,312,313,314,315,316,317,318,319,320,321,322,323,324,325,326,327,328,329,330,331,332,333,334,335,336,337,338,339,340,341,342,343,344",1,6.12,10776,7686,3090,28.67,409993216,408944640,24,0,0,"134,345,350,351,352,353,354,355,356,357,358,359,360,361,362,363,364,365,366,367,368,369,370,371",2026-02-09 22:00:27.522431
Pe_10.0_alpha_in_0.7_alpha_out_0.4_kappa_1.0_pol_1,10.0,0.7,0.4,1.0,1,365,361,2,83,"256,257,258,259,260,261,262,263,264,265,266,267,268,269,270,271,272,273,274,275,276,277,278,279,280,281,282,283,284,285,286,287,288,289,290,291,292,293,294,295,296,297,298,299,300,301,302,303,304,305,306,307,308,309,310,311,312,313,314,315,316,317,318,319,320,321,322,323,324,325,326,327,328,329,330,331,332,333,334,335,336,337,338",1,0.55,10004,7581,2423,24.22,381681664,380633088,2,0,0,"117,339",2026-02-09 22:00:27.416680
Pe_10.0_alpha_in_0.7_alpha_out_0.5_kappa_1.0_pol_1,10.0,0.7,0.5,1.0,1,339,336,1,78,"256,257,258,259,260,261,262,263,264,265,266,267,268,269,270,271,272,273,274,275,276,277,278,279,280,281,282,283,284,285,286,287,288,289,290,291,292,293,294,295,296,297,298,299,300,301,302,303,304,305,306,307,308,309,310,311,312,313,314,315,316,317,318,319,320,321,322,323,324,325,326,327,328,329,330,331,332,333",1,0.29,9735,7056,2679,27.52,354418688,353370112,1,0,0,334,2026-02-09 22:00:27.673469
Pe_10.0_alpha_in_0.7_alpha_out_0.6_kappa_1.0_pol_1,10.0,0.7,0.6,1.0,1,365,360,3,95,"256,257,258,259,260,261,262,263,264,265,266,267,268,269,270,271,272,273,274,275,276,277,278,279,280,281,282,283,284,285,286,287,288,289,290,291,292,293,294,295,296,297,298,299,300,301,302,303,304,305,306,307,308,309,310,311,312,313,314,315,316,317,318,319,320,321,322,323,324,325,326,327,328,329,330,331,332,333,334,335,336,337,338,339,340,341,342,343,344,345,346,347,348,349,350",1,0.82,10333,7560,2773,26.84,381681664,380633088,3,0,0,"77,114,351",2026-02-09 22:00:28.439873
Pe_10.0_alpha_in_0.7_alpha_out_0.7_kappa_1.0_pol_1,10.0,0.7,0.7,1.0,1,386,383,1,71,"256,257,258,259,260,261,262,263,264,265,266,267,268,269,270,271,272,273,274,275,276,277,278,279,280,281,282,283,284,285,286,287,288,289,290,291,292,293,294,295,296,297,298,299,300,301,302,303,304,305,306,307,308,309,310,311,312,313,314,315,316,317,318,319,320,321,322,323,324,325,326",1,0.26,10177,8043,2134,20.97,403701760,402653184,1,0,0,327,2026-02-09 22:00:33.836816
Pe_10.0_alpha_in_0.7_alpha_out_0.8_kappa_1.0_pol_1,10.0,0.7,0.8,1.0,1,349,346,1,71,"256,257,258,259,260,261,262,263,264,265,266,267,268,269,270,271,272,273,274,275,276,277,278,279,280,281,282,283,284,285,286,287,288,289,290,291,292,293,294,295,296,297,298,299,300,301,302,303,304,305,306,307,308,309,310,311,312,313,314,315,316,317,318,319,320,321,322,323,324,325,326",1,0.29,9506,7266,2240,23.56,364904448,363855872,1,0,0,327,2026-02-09 22:00:30.089572
Pe_10.0_alpha_in_0.7_alpha_out_0.9_kappa_1.0_pol_1,10.0,0.7,0.9,1.0,1,379,375,2,73,"256,257,258,259,260,261,262,263,264,265,266,267,268,269,270,271,272,273,274,275,276,277,278,279,280,281,282,283,284,285,286,287,288,289,290,291,292,293,294,295,296,297,298,299,300,301,302,303,304,305,306,307,308,309,310,311,312,313,314,315,316,317,318,319,320,321,322,323,324,325,326,327,328",1,0.53,10081,7875,2206,21.88,396361728,395313152,2,0,0,"40,329",2026-02-09 22:00:31.100173
Pe_10.0_alpha_in_0.7_alpha_out_1.0_kappa_1.0_pol_1,10.0,0.7,1.0,1.0,1,353,350,1,85,"256,257,258,259,260,261,262,263,264,265,266,267,268,269,270,271,272,273,274,275,276,277,278,279,280,281,282,283,284,285,286,287,288,289,290,291,292,293,294,295,296,297,298,299,300,301,302,303,304,305,306,307,308,309,310,311,312,313,314,315,316,317,318,319,320,321,322,323,324,325,326,327,328,329,330,331,332,333,334,335,336,337,338,339,340",1,0.28,9799,7350,2449,24.99,369098752,368050176,1,0,0,341,2026-02-09 22:01:07.590908
Pe_10.0_alpha_in_0.8_alpha_out_0.1_kappa_1.0_pol_1,10.0,0.8,0.1,1.0,1,534,502,30,0,,1,5.62,12090,10542,1548,12.8,558891008,557842432,30,0,0,"475,476,477,478,479,480,481,482,483,484,485,486,487,488,489,490,491,492,493,494,495,496,497,498,499,500,501,502,503,504",2026-02-09 22:01:35.070716
Pe_10.0_alpha_in_0.8_alpha_out_0.2_kappa_1.0_pol_1,10.0,0.8,0.2,1.0,1,318,315,1,0,,1,0.31,6659,6615,44,0.66,332398592,331350016,1,0,0,172,2026-02-09 22:01:14.779593
Pe_10.0_alpha_in_0.8_alpha_out_0.3_kappa_1.0_pol_1,10.0,0.8,0.3,1.0,1,384,380,2,110,"256,257,258,259,260,261,262,263,264,265,266,267,268,269,270,271,272,273,274,275,276,277,278,279,280,281,282,283,284,285,286,287,288,289,290,291,292,293,294,295,296,297,298,299,300,301,302,303,304,305,306,307,308,309,310,311,312,313,314,315,316,317,318,319,320,321,322,323,324,325,326,327,328,329,330,331,332,333,334,335,336,337,338,339,340,341,342,343,344,345,346,347,348,349,350,351,352,353,354,355,356,357,358,359,360,361,362,363,364,365",1,0.52,11045,7980,3065,27.75,401604608,400556032,2,0,0,"20,366",2026-02-09 22:01:32.845976
Pe_10.0_alpha_in_0.8_alpha_out_0.4_kappa_1.0_pol_1,10.0,0.8,0.4,1.0,1,358,355,1,94,"256,257,258,259,260,261,262,263,264,265,266,267,268,269,270,271,272,273,274,275,276,277,278,279,280,281,282,283,284,285,286,287,288,289,290,291,292,293,294,295,296,297,298,299,300,301,302,303,304,305,306,307,308,309,310,311,312,313,314,315,316,317,318,319,320,321,322,323,324,325,326,327,328,329,330,331,332,333,334,335,336,337,338,339,340,341,342,343,344,345,346,347,348,349",1,0.28,10110,7455,2655,26.26,374341632,373293056,1,0,0,350,2026-02-09 22:01:30.080930
Pe_10.0_alpha_in_0.8_alpha_out_0.5_kappa_1.0_pol_1,10.0,0.8,0.5,1.0,1,372,369,1,96,"256,257,258,259,260,261,262,263,264,265,266,267,268,269,270,271,272,273,274,275,276,277,278,279,280,281,282,283,284,285,286,287,288,289,290,291,292,293,294,295,296,297,298,299,300,301,302,303,304,305,306,307,308,309,310,311,312,313,314,315,316,317,318,319,320,321,322,323,324,325,326,327,328,329,330,331,332,333,334,335,336,337,338,339,340,341,342,343,344,345,346,347,348,349,350,351",1,0.27,10391,7749,2642,25.43,389021696,387973120,1,0,0,352,2026-02-09 22:01:32.633187
Pe_10.0_alpha_in_0.8_alpha_out_0.6_kappa_1.0_pol_1,10.0,0.8,0.6,1.0,1,379,372,5,76,"256,257,258,259,260,261,262,263,264,265,266,267,268,269,270,271,272,273,274,275,276,277,278,279,280,281,282,283,284,285,286,287,288,289,290,291,292,293,294,295,296,297,298,299,300,301,302,303,304,305,306,307,308,309,310,311,312,313,314,315,316,317,318,319,320,321,322,323,324,325,326,327,328,329,330,331",1,1.32,10150,7812,2338,23.03,396361728,395313152,5,0,0,"142,332,333,334,335",2026-02-09 22:01:38.729924
Pe_10.0_alpha_in_0.8_alpha_out_0.7_kappa_1.0_pol_1,10.0,0.8,0.7,1.0,1,395,374,19,77,"256,257,258,259,260,261,262,263,264,265,266,267,268,269,270,271,272,273,274,275,276,277,278,279,280,281,282,283,284,285,286,287,288,289,290,291,292,293,294,295,296,297,298,299,300,301,302,303,304,305,306,307,308,309,310,311,312,313,314,315,316,317,318,319,320,321,322,323,324,325,326,327,328,329,330,331,332",1,4.81,10475,7854,2621,25.02,413138944,412090368,19,0,0,"333,334,335,336,337,338,339,340,341,342,343,344,345,346,347,348,349,350,351",2026-02-09 22:01:41.435131
Pe_10.0_alpha_in_0.8_alpha_out_0.8_kappa_1.0_pol_1,10.0,0.8,0.8,1.0,1,397,378,17,81,"256,257,258,259,260,261,262,263,264,265,266,267,268,269,270,271,272,273,274,275,276,277,278,279,280,281,282,283,284,285,286,287,288,289,290,291,292,293,294,295,296,297,298,299,300,301,302,303,304,305,306,307,308,309,310,311,312,313,314,315,316,317,318,319,320,321,322,323,324,325,326,327,328,329,330,331,332,333,334,335,336",1,4.28,10606,7938,2668,25.16,415236096,414187520,17,0,0,"337,338,339,340,341,342,343,344,345,346,347,348,349,350,351,352,353",2026-02-09 22:01:40.980165
Pe_10.0_alpha_in_0.8_alpha_out_0.9_kappa_1.0_pol_1,10.0,0.8,0.9,1.0,1,350,347,1,78,"256,257,258,259,260,261,262,263,264,265,266,267,268,269,270,271,272,273,274,275,276,277,278,279,280,281,282,283,284,285,286,287,288,289,290,291,292,293,294,295,296,297,298,299,300,301,302,303,304,305,306,307,308,309,310,311,312,313,314,315,316,317,318,319,320,321,322,323,324,325,326,327,328,329,330,331,332,333",1,0.29,9551,7287,2264,23.7,365953024,364904448,1,0,0,334,2026-02-09 22:01:39.327383
Pe_10.0_alpha_in_0.8_alpha_out_1.0_kappa_1.0_pol_1,10.0,0.8,1.0,1.0,1,354,350,2,78,"256,257,258,259,260,261,262,263,264,265,266,267,268,269,270,271,272,273,274,275,276,277,278,279,280,281,282,283,284,285,286,287,288,289,290,291,292,293,294,295,296,297,298,299,300,301,302,303,304,305,306,307,308,309,310,311,312,313,314,315,316,317,318,319,320,321,322,323,324,325,326,327,328,329,330,331,332,333",1,0.56,9676,7350,2326,24.04,370147328,369098752,2,0,0,"78,334",2026-02-09 22:01:39.438946
Pe_10.0_alpha_in_0.9_alpha_out_0.1_kappa_1.0_pol_1,10.0,0.9,0.1,1.0,1,593,587,4,25,"514,515,516,517,518,519,520,521,522,523,524,525,526,527,528,529,530,531,532,533,534,535,536,537,538",1,0.67,13295,12327,968,7.28,620756992,619708416,4,0,0,"208,512,513,539",2026-02-09 22:01:50.737799
Pe_10.0_alpha_in_0.9_alpha_out_0.2_kappa_1.0_pol_1,10.0,0.9,0.2,1.0,1,450,445,3,20,"360,361,362,363,364,365,366,367,368,369,370,371,372,373,374,375,376,377,378,379",1,0.67,10139,9345,794,7.83,470810624,469762048,3,0,0,"358,359,380",2026-02-09 22:01:43.991523
Pe_10.0_alpha_in_0.9_alpha_out_0.3_kappa_1.0_pol_1,10.0,0.9,0.3,1.0,1,406,401,3,18,"343,344,345,346,347,348,349,350,351,352,353,354,355,356,357,358,359,360",1,0.74,9135,8421,714,7.82,424673280,423624704,3,0,0,"341,342,361",2026-02-09 22:01:43.313731
Pe_10.0_alpha_in_0.9_alpha_out_0.4_kappa_1.0_pol_1,10.0,0.9,0.4,1.0,1,381,371,8,102,"256,257,258,259,260,261,262,263,264,265,266,267,268,269,270,271,272,273,274,275,276,277,278,279,280,281,282,283,284,285,286,287,288,289,290,291,292,293,294,295,296,297,298,299,300,301,302,303,304,305,306,307,308,309,310,311,312,313,314,315,316,317,318,319,320,321,322,323,324,325,326,327,328,329,330,331,332,333,334,338,342,343,344,345,346,347,348,349,350,351,352,353,354,355,356,357,358,359,360,361,362,363",1,2.1,10798,7791,3007,27.85,398458880,397410304,8,0,0,"80,335,336,337,339,340,341,364",2026-02-09 22:01:40.088865
Pe_10.0_alpha_in_0.9_alpha_out_0.5_kappa_1.0_pol_1,10.0,0.9,0.5,1.0,1,375,370,3,80,"256,257,258,259,260,261,262,263,264,265,266,267,268,269,270,271,272,273,274,275,276,277,278,279,280,281,282,283,284,285,286,287,288,289,290,291,292,293,294,295,296,297,298,299,300,301,302,303,304,305,306,307,308,309,310,311,312,313,314,315,316,317,318,319,320,321,322,323,324,325,326,327,328,329,330,331,332,333,334,335",1,0.8,10152,7770,2382,23.46,392167424,391118848,3,0,0,"80,200,336",2026-02-09 22:01:39.861112
Pe_10.0_alpha_in_0.9_alpha_out_0.6_kappa_1.0_pol_1,10.0,0.9,0.6,1.0,1,354,350,2,56,"256,257,258,259,260,261,262,263,264,265,266,267,268,269,270,271,272,273,274,275,276,277,278,279,280,281,282,283,284,285,286,287,288,289,290,291,292,293,294,295,296,297,298,299,300,301,302,303,304,305,306,307,308,309,310,311",1,0.56,9203,7350,1853,20.13,370147328,369098752,2,0,0,"165,312",2026-02-09 22:01:39.206326
Pe_10.0_alpha_in_0.9_alpha_out_0.7_kappa_1.0_pol_1,10.0,0.9,0.7,1.0,1,355,352,1,52,"256,257,258,259,260,261,262,263,264,265,266,267,268,269,270,271,272,273,274,275,276,277,278,279,280,281,282,283,284,285,286,287,288,289,290,291,292,293,294,295,296,297,298,299,300,301,302,303,304,305,306,307",1,0.28,9150,7392,1758,19.21,371195904,370147328,1,0,0,308,2026-02-09 22:01:39.769552
Pe_10.0_alpha_in_0.9_alpha_out_0.8_kappa_1.0_pol_1,10.0,0.9,0.8,1.0,1,378,371,5,48,"255,256,257,258,259,260,261,262,263,264,265,266,267,268,269,270,271,272,273,274,275,276,277,278,279,280,281,282,283,284,285,286,287,288,289,290,291,292,293,294,295,296,297,298,299,300,301,302",1,1.32,9499,7791,1708,17.98,395313152,394264576,5,0,0,"121,252,253,254,303",2026-02-09 22:01:41.297780
Pe_10.0_alpha_in_0.9_alpha_out_0.9_kappa_1.0_pol_1,10.0,0.9,0.9,1.0,1,350,342,6,45,"236,237,238,239,240,241,242,243,244,245,246,247,248,249,250,251,256,257,258,259,260,261,262,263,264,265,266,267,268,269,270,271,272,273,274,275,276,277,278,279,280,281,282,283,284",1,1.71,8535,7182,1353,15.85,365953024,364904448,6,0,0,"80,122,234,235,252,285",2026-02-09 22:01:38.961326
Pe_10.0_alpha_in_0.9_alpha_out_1.0_kappa_1.0_pol_1,10.0,0.9,1.0,1.0,1,357,349,6,45,"237,238,239,240,241,242,243,244,245,246,247,248,249,250,251,252,256,257,258,259,260,261,262,263,264,265,266,267,268,269,270,271,272,273,274,275,276,277,278,279,280,281,282,283,284",1,1.68,8709,7329,1380,15.85,373293056,372244480,6,0,0,"81,121,235,236,253,285",2026-02-09 22:01:39.585779
Pe_10.0_alpha_in_1.0_alpha_out_0.1_kappa_1.0_pol_1,10.0,1.0,0.1,1.0,1,440,435,3,26,"361,362,363,364,365,366,367,368,369,370,371,372,373,374,375,376,377,378,379,380,381,382,383,384,385,386",1,0.68,10107,9135,972,9.62,460324864,459276288,3,0,0,"359,360,387",2026-02-09 22:01:50.066208
Pe_10.0_alpha_in_1.0_alpha_out_0.2_kappa_1.0_pol_1,10.0,1.0,0.2,1.0,1,395,389,4,112,"256,257,258,259,260,261,262,263,264,265,266,267,268,269,270,271,272,273,274,275,276,277,278,279,280,281,282,283,284,285,286,287,288,289,290,291,292,293,294,295,296,297,298,299,300,301,302,303,304,305,306,307,308,309,310,311,312,313,314,315,316,317,318,319,320,321,322,323,324,325,326,327,328,329,330,331,332,333,334,335,336,337,338,339,340,341,342,343,344,345,346,347,348,349,350,351,352,353,354,355,356,357,358,359,360,361,362,363,364,365,366,367",1,1.01,11401,8169,3232,28.35,413138944,412090368,4,0,0,"122,171,172,368",2026-02-09 22:01:42.926706
Pe_10.0_alpha_in_1.0_alpha_out_0.3_kappa_1.0_pol_1,10.0,1.0,0.3,1.0,1,358,355,1,99,"256,257,258,259,260,261,262,263,264,265,266,267,268,269,270,271,272,273,274,275,276,277,278,279,280,281,282,283,284,285,286,287,288,289,290,291,292,293,294,295,296,297,298,299,300,301,302,303,304,305,306,307,308,309,310,311,312,313,314,315,316,317,318,319,320,321,322,323,324,325,326,327,328,329,330,331,332,333,334,335,336,337,338,339,340,341,342,343,344,345,346,347,348,349,350,351,352,353,354",1,0.28,10240,7455,2785,27.2,374341632,372244480,1,0,0,355,2026-02-09 22:01:41.463281
Pe_10.0_alpha_in_1.0_alpha_out_0.4_kappa_1.0_pol_1,10.0,1.0,0.4,1.0,1,358,355,1,96,"256,257,258,259,260,261,262,263,264,265,266,267,268,269,270,271,272,273,274,275,276,277,278,279,280,281,282,283,284,285,286,287,288,289,290,291,292,293,294,295,296,297,298,299,300,301,302,303,304,305,306,307,308,309,310,311,312,313,314,315,316,317,318,319,320,321,322,323,324,325,326,327,328,329,330,331,332,333,334,335,336,337,338,339,340,341,342,343,344,345,346,347,348,349,350,351",1,0.28,10103,7455,2648,26.21,374341632,373293056,1,0,0,352,2026-02-09 22:01:41.002238
Pe_10.0_alpha_in_1.0_alpha_out_0.5_kappa_1.0_pol_1,10.0,1.0,0.5,1.0,1,353,350,1,89,"256,257,258,259,260,261,262,263,264,265,266,267,268,269,270,271,272,273,274,275,276,277,278,279,280,281,282,283,284,285,286,287,288,289,290,291,292,293,294,295,296,297,298,299,300,301,302,303,304,305,306,307,308,309,310,311,312,313,314,315,316,317,318,319,320,321,322,323,324,325,326,327,328,329,330,331,332,333,334,335,336,337,338,339,340,341,342,343,344",1,0.28,9851,7350,2501,25.39,369098752,368050176,1,0,0,345,2026-02-09 22:01:41.613867
Pe_10.0_alpha_in_1.0_alpha_out_0.6_kappa_1.0_pol_1,10.0,1.0,0.6,1.0,1,378,373,3,106,"256,257,258,259,260,261,262,263,264,265,266,267,268,269,270,271,272,273,274,275,276,277,278,279,280,281,282,283,284,285,286,287,288,289,290,291,292,293,294,295,296,297,298,299,300,301,302,303,304,305,306,307,308,309,310,311,312,313,314,315,316,317,318,319,320,321,322,323,324,325,326,327,328,329,330,331,332,333,334,335,336,337,338,339,340,341,342,343,344,345,346,347,348,349,350,351,352,353,354,355,356,357,358,359,360,361",1,0.79,10740,7833,2907,27.07,395313152,394264576,3,0,0,"188,189,362",2026-02-09 22:01:42.342680
Pe_10.0_alpha_in_1.0_alpha_out_0.7_kappa_1.0_pol_1,10.0,1.0,0.7,1.0,1,357,354,3,100,"256,257,258,259,260,261,262,263,264,265,266,267,268,269,270,271,272,273,274,275,276,277,278,279,280,281,282,283,284,285,286,287,288,289,290,291,292,293,294,295,296,297,298,299,300,301,302,303,304,305,306,307,308,309,310,311,312,313,314,315,316,317,318,319,320,321,322,323,324,325,326,327,328,329,330,331,332,333,334,335,336,337,338,339,340,341,342,343,344,345,346,347,348,349,350,351,352,353,354,355",0,0.84,10210,7434,2776,27.19,374341632,373293056,3,0,0,"109,156,356",2026-02-09 22:01:40.869256
Pe_10.0_alpha_in_1.0_alpha_out_0.8_kappa_1.0_pol_1,10.0,1.0,0.8,1.0,1,366,362,2,70,"256,257,258,259,260,261,262,263,264,265,266,267,268,269,270,271,272,273,274,275,276,277,278,279,280,281,282,283,284,285,286,287,288,289,290,291,292,293,294,295,296,297,298,299,300,301,302,303,304,305,306,307,308,309,310,311,312,313,314,315,316,317,318,319,320,321,322,323,324,325",1,0.55,9168,7602,1566,17.08,382730240,381681664,2,0,0,"201,326",2026-02-09 22:01:41.251048
Pe_10.0_alpha_in_1.0_alpha_out_0.9_kappa_1.0_pol_1,10.0,1.0,0.9,1.0,1,453,448,3,17,"354,355,356,357,358,359,360,361,362,363,364,365,366,367,368,369,370",1,0.66,10060,9408,652,6.48,473956352,472907776,3,0,0,"125,353,371",2026-02-09 22:01:50.629920
Pe_10.0_alpha_in_1.0_alpha_out_1.0_kappa_1.0_pol_1,10.0,1.0,1.0,1.0,1,490,483,5,45,"421,422,423,424,425,426,427,429,430,431,432,433,434,435,436,437,438,439,440,441,442,443,444,445,446,447,448,449,450,451,452,453,454,455,456,457,458,459,460,461,462,463,464,465,466",1,1.02,11488,10143,1345,11.71,512753664,511705088,5,0,0,"141,419,420,428,467",2026-02-09 22:01:47.020616
